<?xml version="1.0" encoding="UTF-8"?>
<project-private xmlns="http://www.netbeans.org/ns/project-private/1">
    <editor-bookmarks xmlns="http://www.netbeans.org/ns/editor-bookmarks/2" lastBookmarkId="0"/>
    <open-files xmlns="http://www.netbeans.org/ns/projectui-open-files/2">
        <group>
            <file>file:/C:/Users/geile/OneDrive/Documentos/NetBeansProjects/CuentasBancarias/src/java/Domain/CuentaCorriente.java</file>
            <file>file:/C:/Users/geile/OneDrive/Documentos/NetBeansProjects/CuentasBancarias/test/Domain/DomainSuite.java</file>
            <file>file:/C:/Users/geile/OneDrive/Documentos/NetBeansProjects/CuentasBancarias/test/Domain/ClienteTest.java</file>
            <file>file:/C:/Users/geile/OneDrive/Documentos/NetBeansProjects/CuentasBancarias/src/java/Repository/RepositoryCliente.java</file>
            <file>file:/C:/Users/geile/OneDrive/Documentos/NetBeansProjects/CuentasBancarias/src/java/Application/CuentaBancariaService.java</file>
            <file>file:/C:/Users/geile/OneDrive/Documentos/NetBeansProjects/CuentasBancarias/src/java/Domain/CuentaBancaria.java</file>
            <file>file:/C:/Users/geile/OneDrive/Documentos/NetBeansProjects/CuentasBancarias/test/Domain/CuentaCorrienteTest.java</file>
            <file>file:/C:/Users/geile/OneDrive/Documentos/NetBeansProjects/CuentasBancarias/web/index.html</file>
            <file>file:/C:/Users/geile/OneDrive/Documentos/NetBeansProjects/CuentasBancarias/src/java/Domain/CuentaAhorro.java</file>
            <file>file:/C:/Users/geile/OneDrive/Documentos/NetBeansProjects/CuentasBancarias/src/java/Application/ClienteService.java</file>
            <file>file:/C:/Users/geile/OneDrive/Documentos/NetBeansProjects/CuentasBancarias/src/java/Repository/RepositoryCuenta.java</file>
            <file>file:/C:/Users/geile/OneDrive/Documentos/NetBeansProjects/CuentasBancarias/src/java/Domain/Cliente.java</file>
            <file>file:/C:/Users/geile/OneDrive/Documentos/NetBeansProjects/CuentasBancarias/test/Domain/CuentaAhorroTest.java</file>
        </group>
    </open-files>
</project-private>
